GEOID,ALAND,AWATER,ALAND_SQMI,AWATER_SQMI,INTPTLAT,INTPTLONG
00601,166836392,798613,64.416,0.308,18.180555,-66.749961                                                                                                                                                
00602,78546711,4428428,30.327,1.71,18.361945,-67.175597                                                                                                                                                 
00603,88980555,6253316,34.356,2.414,18.457399,-67.124867                                                                                                                                                
00606,114825641,12228,44.334,0.005,18.158327,-66.932928                                                                                                                                                 
00610,96150194,4289688,37.124,1.656,18.295304,-67.12518                                                                                                                                                 
00611,27580137,3631,10.649,0.001,18.276316,-66.807165                                                                                                                                                   
00612,197498183,15014523,76.254,5.797,18.416727,-66.70009                                                                                                                                               
00616,28175844,180538,10.879,0.07,18.420408,-66.671986                                                                                                                                                  
00617,47509244,1693103,18.343,0.654,18.446889,-66.561154                                                                                                                                                
00622,80724807,19583150,31.168,7.561,17.988103,-67.160357                                                                                                                                               
00623,101522969,14192149,39.198,5.48,18.084371,-67.158765                                                                                                                                               
00624,121722180,15303985,46.997,5.909,18.051808,-66.721711                                                                                                                                              
00627,120296554,3381810,46.447,1.306,18.412423,-66.863708                                                                                                                                               
00631,8095944,709369,3.126,0.274,18.184294,-66.830795                                                                                                                                                   
00636,949819,0,0.367,0.0,18.1636,-67.080097                                                                                                                                                              
00637,91065921,26242,35.161,0.01,18.080103,-66.947975                                                                                                                                                   
00638,184928682,478957,71.401,0.185,18.280188,-66.513111                                                                                                                                                
00641,217833291,3450973,84.106,1.332,18.268074,-66.701785                                                                                                                                               
00646,54525347,3254763,21.052,1.257,18.432897,-66.286499                                                                                                                                                
00647,40920381,7973795,15.799,3.079,17.963613,-66.947127                                                                                                                                                
00650,82205157,551602,31.74,0.213,18.349209,-66.578112                                                                                                                                                  
00652,16678610,50964,6.44,0.02,18.448446,-66.594111                                                                                                                                                     
00653,57269617,5243421,22.112,2.024,17.988642,-66.90169                                                                                                                                                 
00656,109153498,10486443,42.144,4.049,18.040467,-66.78968                                                                                                                                               
00659,106243531,3026803,41.021,1.169,18.407304,-66.808995                                                                                                                                               
00660,29314499,481,11.318,0.0,18.134695,-67.116199                                                                                                                                                       
00662,106890486,5320908,41.271,2.054,18.468301,-67.015749                                                                                                                                               
00664,121486630,3318,46.906,0.001,18.21033,-66.591616                                                                                                                                                   
00667,155934654,28248600,60.207,10.907,18.003422,-67.03581                                                                                                                                              
00669,166063613,88978,64.118,0.034,18.276925,-66.869587                                                                                                                                                 
00670,120455393,375649,46.508,0.145,18.233585,-66.987585                                                                                                                                                
00674,112542705,6882620,43.453,2.657,18.424145,-66.487895                                                                                                                                               
00676,126528238,56474,48.853,0.022,18.381597,-67.080884                                                                                                                                                 
00677,37733228,3594732,14.569,1.388,18.332568,-67.227022                                                                                                                                                
00678,75436365,4701704,29.126,1.815,18.430503,-66.930479                                                                                                                                                
00680,166550170,19822248,64.305,7.653,18.183493,-67.133054                                                                                                                                              
00682,42242062,8060474,16.31,3.112,18.224864,-67.153891                                                                                                                                                 
00683,127658099,29099,49.289,0.011,18.1078,-67.037263                                                                                                                                                   
00685,203816141,1135651,78.694,0.438,18.336887,-66.972929                                                                                                                                               
00687,100676192,139537,38.871,0.054,18.318017,-66.420392                                                                                                                                                
00688,84182107,70186,32.503,0.027,18.382305,-66.626393                                                                                                                                                  
00690,5857772,7056,2.262,0.003,18.493543,-67.096915                                                                                                                                                     
00692,68702788,1997184,26.526,0.771,18.410652,-66.336202                                                                                                                                                
00693,115019610,5338663,44.409,2.061,18.425961,-66.398098                                                                                                                                               
00694,2069783,1957115,0.799,0.756,18.483127,-66.39236                                                                                                                                                   
00698,162285944,1629356,62.659,0.629,18.072916,-66.85119                                                                                                                                                
00703,80346804,28383,31.022,0.011,18.248401,-66.130662                                                                                                                                                  
00704,23300028,2021101,8.996,0.78,17.973168,-66.229011                                                                                                                                                  
00705,78750103,68238,30.406,0.026,18.12896,-66.266691                                                                                                                                                   
00707,54196287,3816672,20.925,1.474,18.014055,-65.920751                                                                                                                                                
00714,38857653,2810001,15.003,1.085,17.995867,-66.055529                                                                                                                                                
00715,32906230,10996927,12.705,4.246,17.990485,-66.566143                                                                                                                                               
00716,22449489,14362646,8.668,5.545,17.985014,-66.606721                                                                                                                                                
00717,6145511,160726,2.373,0.062,18.002639,-66.611087                                                                                                                                                   
00718,122276827,4619471,47.211,1.784,18.23201,-65.756036                                                                                                                                                
00719,73062134,1077829,28.209,0.416,18.28992,-66.25344                                                                                                                                                  
00720,145399457,286519,56.139,0.111,18.216608,-66.423682                                                                                                                                                
00723,119158940,17449667,46.008,6.737,18.019337,-66.001862                                                                                                                                              
00725,107130191,1949929,41.363,0.753,18.220689,-66.03958                                                                                                                                                
00727,58439044,30356,22.563,0.012,18.211921,-66.073355                                                                                                                                                  
00728,39878953,21618805,15.397,8.347,17.991071,-66.662968                                                                                                                                               
00729,92600430,487976,35.753,0.188,18.334918,-65.887078                                                                                                                                                 
00730,17191035,147581,6.637,0.057,18.030882,-66.611928                                                                                                                                                  
00731,126788109,2862000,48.953,1.105,18.109947,-66.635622                                                                                                                                               
00735,70903162,7757367,27.376,2.995,18.252179,-65.665631                                                                                                                                                
00736,142190602,81711,54.9,0.032,18.103624,-66.151667                                                                                                                                                   
00738,76719590,77089455,29.622,29.764,18.304458,-65.698711                                                                                                                                              
00739,79702685,1107222,30.773,0.428,18.175543,-66.162102                                                                                                                                                
00740,1081390,1552447,0.418,0.599,18.333961,-65.631674                                                                                                                                                  
00741,5896296,2792488,2.277,1.078,18.163855,-65.754042                                                                                                                                                  
00745,157334018,6269380,60.747,2.421,18.352176,-65.810929                                                                                                                                               
00751,157294693,31382701,60.732,12.117,18.003779,-66.262905                                                                                                                                             
00754,129481142,241011,49.993,0.093,18.144582,-65.972253                                                                                                                                                
00757,84042629,10248469,32.449,3.957,17.991428,-66.402337                                                                                                                                               
00765,122392233,41363239,47.256,15.97,18.124207,-65.42307                                                                                                                                               
00766,98819715,3710045,38.155,1.432,18.130718,-66.472244                                                                                                                                                
00767,142912279,6804946,55.179,2.627,18.069489,-65.896029                                                                                                                                               
00769,199633580,39001,77.079,0.015,18.096641,-66.358335                                                                                                                                                 
00771,87025384,32338,33.601,0.012,18.187148,-65.871189                                                                                                                                                  
00772,42328586,14246874,16.343,5.501,18.438944,-65.90522                                                                                                                                                
00773,62418896,2572582,24.1,0.993,18.342888,-65.723109                                                                                                                                                  
00775,30166574,43522739,11.647,16.804,18.326611,-65.307771                                                                                                                                              
00777,69550600,323994,26.854,0.125,18.224327,-65.909085                                                                                                                                                 
00778,76464608,1123507,29.523,0.434,18.264076,-65.97851                                                                                                                                                 
00780,49511215,865489,19.116,0.334,18.094076,-66.565781                                                                                                                                                 
00782,72467479,318383,27.98,0.123,18.224878,-66.224482                                                                                                                                                  
00783,109068474,16284,42.112,0.006,18.300221,-66.328927                                                                                                                                                 
00784,172844022,16196552,66.735,6.254,18.010714,-66.133615                                                                                                                                              
00786,4568280,0,1.764,0.0,18.135725,-66.228698                                                                                                                                                           
00791,110427972,4704681,42.636,1.816,18.142603,-65.812812                                                                                                                                               
00794,88884812,77812,34.319,0.03,18.200018,-66.309282                                                                                                                                                   
00795,154837738,10516396,59.783,4.06,18.04645,-66.495142                                                                                                                                                
00802,77269356,30085012,29.834,11.616,18.342939,-64.925102                                                                                                                                              
00820,111684870,13196002,43.122,5.095,17.736627,-64.708215                                                                                                                                              
00830,50211282,24036673,19.387,9.281,18.338559,-64.73653                                                                                                                                                
00840,80276057,4045556,30.995,1.562,17.72471,-64.848522                                                                                                                                                 
00850,22223573,382853,8.581,0.148,17.726822,-64.792245                                                                                                                                                  
00851,961179,0,0.371,0.0,17.747525,-64.787439                                                                                                                                                            
00901,2628102,4169259,1.015,1.61,18.466594,-66.107982                                                                                                                                                   
00906,8247,0,0.003,0.0,18.46446,-66.094995                                                                                                                                                               
