GEO_ID,B19013_E001,B19013_M001
860Z200US00601,19454,1546
860Z200US00602,21420,1811
860Z200US00603,20933,1650
860Z200US00606,20992,3212
860Z200US00610,24496,1378
860Z200US00611,20360,7048
860Z200US00612,24488,1512
860Z200US00616,21846,2930
860Z200US00617,25013,3790
860Z200US00622,26585,4980
860Z200US00623,26388,1709
860Z200US00624,22979,1881
860Z200US00627,27411,2615
860Z200US00631,19278,3989
860Z200US00636,-666666666,-222222222
860Z200US00637,21987,1696
860Z200US00638,22610,2353
860Z200US00641,21102,1324
860Z200US00646,36265,4517
860Z200US00647,20023,2756
860Z200US00650,21447,1884
860Z200US00652,35383,8579
860Z200US00653,16736,1661
860Z200US00656,24065,2999
860Z200US00659,27513,3123
860Z200US00660,26851,1962
860Z200US00662,23299,2622
860Z200US00664,21767,3547
860Z200US00667,19534,1889
860Z200US00669,18778,1406
860Z200US00670,16367,1580
860Z200US00674,22537,1761
860Z200US00676,23272,2508
860Z200US00677,24266,2306
860Z200US00678,23874,3961
860Z200US00680,17896,1160
860Z200US00682,18793,1322
860Z200US00683,18543,1697
860Z200US00685,20310,1823
860Z200US00687,25003,2217
860Z200US00688,18023,2512
860Z200US00690,25755,2694
860Z200US00692,25568,2581
860Z200US00693,24596,1745
860Z200US00694,16094,5759
860Z200US00698,24310,2398
860Z200US00703,23292,2530
860Z200US00704,20899,3296
860Z200US00705,21712,1550
860Z200US00707,17750,3492
860Z200US00714,21186,2219
860Z200US00715,22670,10458
860Z200US00716,20652,2491
860Z200US00717,13602,2456
860Z200US00718,23487,2677
860Z200US00719,22129,1601
860Z200US00720,20151,2369
860Z200US00723,24574,2800
860Z200US00725,29575,2582
860Z200US00727,34094,2349
860Z200US00728,23031,1888
860Z200US00729,31239,3060
860Z200US00730,18089,1108
860Z200US00731,18736,3367
860Z200US00735,25243,2297
860Z200US00736,29971,2301
860Z200US00738,25531,2777
860Z200US00739,29463,1814
860Z200US00740,26027,13490
860Z200US00741,26585,8194
860Z200US00745,29268,2393
860Z200US00751,21952,2465
860Z200US00754,22964,1942
860Z200US00757,25938,2489
860Z200US00765,19803,2182
860Z200US00766,26234,2432
860Z200US00767,23054,1901
860Z200US00769,21829,1916
860Z200US00771,24891,3238
860Z200US00772,18945,1218
860Z200US00773,24225,1625
860Z200US00775,29630,7604
860Z200US00777,29928,2779
860Z200US00778,42178,3601
860Z200US00780,27967,6291
860Z200US00782,16896,1399
860Z200US00783,23914,3041
860Z200US00784,20558,1543
860Z200US00786,-666666666,-222222222
860Z200US00791,27034,1831
860Z200US00794,23899,2590
860Z200US00795,24602,1927
860Z200US00901,27557,9082
860Z200US00906,-666666666,-222222222
860Z200US00907,41615,6084
860Z200US00909,23101,5230
860Z200US00911,42382,8354
860Z200US00912,31636,3317
860Z200US00913,7049,1844
860Z200US00915,16590,1676
