GEO_ID,B01003_E001,B01003_M001
860Z200US00601,16669,510
860Z200US00602,37233,270
860Z200US00603,48448,1035
860Z200US00606,5163,293
860Z200US00610,25357,355
860Z200US00611,1383,384
860Z200US00612,62908,1772
860Z200US00616,9717,1213
860Z200US00617,22584,236
860Z200US00622,7664,819
860Z200US00623,39212,819
860Z200US00624,21148,578
860Z200US00627,32734,-555555555
860Z200US00631,1321,438
860Z200US00636,968,512
860Z200US00637,22909,374
860Z200US00638,17319,218
860Z200US00641,23831,571
860Z200US00646,35998,155
860Z200US00647,4369,608
860Z200US00650,13200,481
860Z200US00652,4504,1013
860Z200US00653,8495,607
860Z200US00656,17398,347
860Z200US00659,37327,322
860Z200US00660,15405,29
860Z200US00662,41090,646
860Z200US00664,14807,190
860Z200US00667,22792,423
860Z200US00669,27417,500
860Z200US00670,8512,173
860Z200US00674,39093,349
860Z200US00676,36972,461
860Z200US00677,15483,138
860Z200US00678,24595,428
860Z200US00680,42689,1517
860Z200US00682,28977,1487
860Z200US00683,29490,565
860Z200US00685,39988,616
860Z200US00687,28397,-555555555
860Z200US00688,10028,1157
860Z200US00690,5870,1001
860Z200US00692,32802,707
860Z200US00693,55387,829
860Z200US00694,125,100
860Z200US00698,32535,350
860Z200US00703,24263,556
860Z200US00704,6256,783
860Z200US00705,24471,166
860Z200US00707,10319,91
860Z200US00714,15341,-555555555
860Z200US00715,2082,598
860Z200US00716,27945,1621
860Z200US00717,14577,1391
860Z200US00718,23026,43
860Z200US00719,29932,378
860Z200US00720,21037,232
860Z200US00723,15643,91
860Z200US00725,73462,2214
860Z200US00727,55191,2167
860Z200US00728,36532,1756
860Z200US00729,47067,769
860Z200US00730,31081,1380
860Z200US00731,9724,1219
860Z200US00735,10949,127
860Z200US00736,45306,796
860Z200US00738,29980,534
860Z200US00739,34578,820
860Z200US00740,1583,516
860Z200US00741,3716,606
860Z200US00745,46739,344
860Z200US00751,19343,831
860Z200US00754,36728,298
860Z200US00757,19853,61
860Z200US00765,8078,-555555555
860Z200US00766,21572,26
860Z200US00767,29962,298
860Z200US00769,33602,231
860Z200US00771,35094,570
860Z200US00772,16829,720
860Z200US00773,17532,-555555555
860Z200US00775,1387,246
860Z200US00777,37446,390
860Z200US00778,40203,41
860Z200US00780,13446,1551
860Z200US00782,18128,477
860Z200US00783,34259,418
860Z200US00784,34981,149
860Z200US00786,165,166
860Z200US00791,45455,824
860Z200US00794,28668,465
860Z200US00795,43367,875
860Z200US00901,6398,719
860Z200US00906,49,44
860Z200US00907,15817,1349
860Z200US00909,5633,662
860Z200US00911,7297,884
860Z200US00912,5845,997
860Z200US00913,6943,954
860Z200US00915,24607,1452
