lon,lat,osm_id,operator,manufacturer,direction,surveillance_type,man_made,timestamp,version,all_tags
-88.126047,42.168572,235538250,,Flock Safety,180,ALPR,surveillance,2025-08-23T12:05:17Z,3,"{""brand"":null,""brand:wikidata"":null,""camera:mount"":null,""camera:type"":""fixed"",""direction"":""180"",""man_made"":""surveillance"",""operator"":null,""operator:wikidata"":null,""surveillance"":""public"",""surveillance:type"":""ALPR"",""surveillance:zone"":""traffic"",""manufacturer"":""Flock Safety"",""manufacturer:wikidata"":""Q108485435"",""operator:short"":null,""addr:street"":null,""colour"":null,""height"":null,""model"":null,""note"":null}"
-88.153174,41.974905,237644546,,Flock Safety,120,ALPR,surveillance,2026-02-10T17:06:28Z,4,"{""brand"":null,""brand:wikidata"":null,""camera:mount"":null,""camera:type"":""fixed"",""direction"":""120"",""man_made"":""surveillance"",""operator"":null,""operator:wikidata"":null,""surveillance"":""outdoor"",""surveillance:type"":""ALPR"",""surveillance:zone"":null,""manufacturer"":""Flock Safety"",""manufacturer:wikidata"":""Q108485435"",""operator:short"":null,""addr:street"":null,""colour"":null,""height"":null,""model"":null,""note"":null}"
-87.6419063,41.9004337,261326106,,,175,ALPR,surveillance,2025-09-03T16:59:09Z,6,"{""brand"":null,""brand:wikidata"":null,""camera:mount"":null,""camera:type"":""fixed"",""direction"":""175"",""man_made"":""surveillance"",""operator"":null,""operator:wikidata"":null,""surveillance"":null,""surveillance:type"":""ALPR"",""surveillance:zone"":null,""manufacturer"":null,""manufacturer:wikidata"":null,""operator:short"":null,""addr:street"":null,""colour"":null,""height"":null,""model"":null,""note"":null}"
-87.9559097,41.6691111,261350820,,,180;90,ALPR,surveillance,2026-05-29T06:03:13Z,8,"{""brand"":null,""brand:wikidata"":null,""camera:mount"":null,""camera:type"":null,""direction"":""180;90"",""man_made"":""surveillance"",""operator"":null,""operator:wikidata"":null,""surveillance"":""traffic"",""surveillance:type"":""ALPR"",""surveillance:zone"":""traffic"",""manufacturer"":null,""manufacturer:wikidata"":null,""operator:short"":null,""addr:street"":null,""colour"":null,""height"":null,""model"":null,""note"":null}"
-89.0653851,42.3387912,643776207,,Flock Safety,205,ALPR,surveillance,2025-10-27T13:51:01Z,3,"{""brand"":null,""brand:wikidata"":null,""camera:mount"":null,""camera:type"":""fixed"",""direction"":""205"",""man_made"":""surveillance"",""operator"":null,""operator:wikidata"":null,""surveillance"":null,""surveillance:type"":""ALPR"",""surveillance:zone"":""traffic"",""manufacturer"":""Flock Safety"",""manufacturer:wikidata"":""Q108485435"",""operator:short"":null,""addr:street"":null,""colour"":null,""height"":null,""model"":null,""note"":null}"
-87.9062513,42.1899534,2399926820,,Flock Safety,182,ALPR,surveillance,2025-12-16T03:15:23Z,4,"{""brand"":null,""brand:wikidata"":null,""camera:mount"":null,""camera:type"":""fixed"",""direction"":""182"",""man_made"":""surveillance"",""operator"":null,""operator:wikidata"":null,""surveillance"":""public"",""surveillance:type"":""ALPR"",""surveillance:zone"":""traffic"",""manufacturer"":""Flock Safety"",""manufacturer:wikidata"":""Q108485435"",""operator:short"":null,""addr:street"":null,""colour"":null,""height"":null,""model"":null,""note"":null}"
-87.6253803,41.7508605,2986637275,,Motorola Solutions,180;160;170;150;190,ALPR,surveillance,2025-12-22T17:16:54Z,5,"{""brand"":null,""brand:wikidata"":null,""camera:mount"":null,""camera:type"":""fixed"",""direction"":""180;160;170;150;190"",""man_made"":""surveillance"",""operator"":null,""operator:wikidata"":null,""surveillance"":null,""surveillance:type"":""ALPR"",""surveillance:zone"":null,""manufacturer"":""Motorola Solutions"",""manufacturer:wikidata"":""Q634815"",""operator:short"":null,""addr:street"":null,""colour"":null,""height"":null,""model"":null,""note"":null}"
-89.6035781,39.8309917,4133803370,Flock Safety,Flock Safety,90,ALPR,surveillance,2025-06-11T20:22:21Z,3,"{""brand"":""Flock Safety"",""brand:wikidata"":""Q108485435"",""camera:mount"":""pole"",""camera:type"":""fixed"",""direction"":""90"",""man_made"":""surveillance"",""operator"":""Flock Safety"",""operator:wikidata"":""Q108485435"",""surveillance"":""outdoor"",""surveillance:type"":""ALPR"",""surveillance:zone"":""traffic"",""manufacturer"":null,""manufacturer:wikidata"":null,""operator:short"":null,""addr:street"":null,""colour"":null,""height"":null,""model"":null,""note"":null}"
-87.9430478,42.2043405,6577258293,,Flock Safety,145,ALPR,surveillance,2025-02-13T02:59:48Z,2,"{""brand"":null,""brand:wikidata"":null,""camera:mount"":""pole"",""camera:type"":""fixed"",""direction"":""145"",""man_made"":""surveillance"",""operator"":null,""operator:wikidata"":null,""surveillance"":""public"",""surveillance:type"":""ALPR"",""surveillance:zone"":""traffic"",""manufacturer"":""Flock Safety"",""manufacturer:wikidata"":""Q108485435"",""operator:short"":null,""addr:street"":null,""colour"":null,""height"":null,""model"":null,""note"":null}"
-87.6267914,41.8909987,7025421509,,,165,ALPR,surveillance,2025-09-03T14:50:19Z,3,"{""brand"":null,""brand:wikidata"":null,""camera:mount"":null,""camera:type"":""fixed"",""direction"":""165"",""man_made"":""surveillance"",""operator"":null,""operator:wikidata"":null,""surveillance"":null,""surveillance:type"":""ALPR"",""surveillance:zone"":null,""manufacturer"":null,""manufacturer:wikidata"":null,""operator:short"":null,""addr:street"":null,""colour"":null,""height"":null,""model"":null,""note"":null}"
-89.0431846,42.274467,7712486526,Flock Safety,Flock Safety,255,ALPR,surveillance,2025-01-08T22:09:02Z,2,"{""brand"":null,""brand:wikidata"":null,""camera:mount"":""pole"",""camera:type"":""fixed"",""direction"":""255"",""man_made"":""surveillance"",""operator"":""Flock Safety"",""operator:wikidata"":""Q108485435"",""surveillance"":""public"",""surveillance:type"":""ALPR"",""surveillance:zone"":null,""manufacturer"":""Flock Safety"",""manufacturer:wikidata"":null,""operator:short"":null,""addr:street"":null,""colour"":null,""height"":null,""model"":null,""note"":null}"
-87.7877242,41.9858332,9213232773,Chicago Police Department,,180,ALPR,surveillance,2024-08-27T03:16:23Z,3,"{""brand"":null,""brand:wikidata"":null,""camera:mount"":""traffic_signals"",""camera:type"":""fixed"",""direction"":""180"",""man_made"":""surveillance"",""operator"":""Chicago Police Department"",""operator:wikidata"":""Q1340186"",""surveillance"":""traffic"",""surveillance:type"":""ALPR"",""surveillance:zone"":""traffic"",""manufacturer"":null,""manufacturer:wikidata"":null,""operator:short"":null,""addr:street"":null,""colour"":null,""height"":null,""model"":null,""note"":null}"
-87.7697797,41.9238365,9213245005,Chicago Police Department,,90,ALPR,surveillance,2024-08-27T09:25:50Z,4,"{""brand"":null,""brand:wikidata"":null,""camera:mount"":""lighting_pole"",""camera:type"":""fixed"",""direction"":""90"",""man_made"":""surveillance"",""operator"":""Chicago Police Department"",""operator:wikidata"":""Q1340186"",""surveillance"":""traffic"",""surveillance:type"":""ALPR"",""surveillance:zone"":""traffic"",""manufacturer"":null,""manufacturer:wikidata"":null,""operator:short"":null,""addr:street"":null,""colour"":null,""height"":null,""model"":null,""note"":null}"
-87.7147747,41.928355,9255130981,Chicago Police Department,,90,ALPR,surveillance,2024-08-27T09:25:50Z,2,"{""brand"":null,""brand:wikidata"":null,""camera:mount"":""lighting_pole"",""camera:type"":""fixed"",""direction"":""90"",""man_made"":""surveillance"",""operator"":""Chicago Police Department"",""operator:wikidata"":""Q1340186"",""surveillance"":""traffic"",""surveillance:type"":""ALPR"",""surveillance:zone"":""street"",""manufacturer"":null,""manufacturer:wikidata"":null,""operator:short"":null,""addr:street"":null,""colour"":null,""height"":null,""model"":null,""note"":null}"
-87.7468795,41.9533902,9255130982,Chicago Police Department,,90,ALPR,surveillance,2025-09-26T19:26:13Z,5,"{""brand"":null,""brand:wikidata"":null,""camera:mount"":""traffic_signals"",""camera:type"":""fixed"",""direction"":""90"",""man_made"":""surveillance"",""operator"":""Chicago Police Department"",""operator:wikidata"":""Q1340186"",""surveillance"":""traffic"",""surveillance:type"":""ALPR"",""surveillance:zone"":""traffic"",""manufacturer"":null,""manufacturer:wikidata"":null,""operator:short"":null,""addr:street"":null,""colour"":null,""height"":null,""model"":null,""note"":null}"
-87.7559999,41.92404,9255130983,Chicago Police Department,,90,ALPR,surveillance,2024-08-27T09:25:50Z,2,"{""brand"":null,""brand:wikidata"":null,""camera:mount"":""traffic_signals"",""camera:type"":""fixed"",""direction"":""90"",""man_made"":""surveillance"",""operator"":""Chicago Police Department"",""operator:wikidata"":""Q1340186"",""surveillance"":""traffic"",""surveillance:type"":""ALPR"",""surveillance:zone"":""traffic"",""manufacturer"":null,""manufacturer:wikidata"":null,""operator:short"":null,""addr:street"":null,""colour"":null,""height"":null,""model"":null,""note"":null}"
-87.6767545,41.8762522,9404107657,Chicago Police Department,,270,ALPR,surveillance,2024-08-27T03:16:23Z,2,"{""brand"":null,""brand:wikidata"":null,""camera:mount"":""traffic_signals"",""camera:type"":""fixed"",""direction"":""270"",""man_made"":""surveillance"",""operator"":""Chicago Police Department"",""operator:wikidata"":""Q1340186"",""surveillance"":""traffic"",""surveillance:type"":""ALPR"",""surveillance:zone"":""traffic"",""manufacturer"":null,""manufacturer:wikidata"":null,""operator:short"":null,""addr:street"":null,""colour"":null,""height"":null,""model"":null,""note"":null}"
-90.1747353,38.8895363,9882426486,,Motorola Solutions,100,ALPR,surveillance,2025-11-24T22:29:57Z,2,"{""brand"":null,""brand:wikidata"":null,""camera:mount"":null,""camera:type"":""fixed"",""direction"":""100"",""man_made"":""surveillance"",""operator"":null,""operator:wikidata"":null,""surveillance"":""traffic"",""surveillance:type"":""ALPR"",""surveillance:zone"":""street"",""manufacturer"":""Motorola Solutions"",""manufacturer:wikidata"":null,""operator:short"":null,""addr:street"":null,""colour"":null,""height"":null,""model"":null,""note"":null}"
-87.6777295,41.9185873,10057056538,,Motorola Solutions,160,ALPR,surveillance,2026-01-14T16:59:59Z,4,"{""brand"":""Motorola Solutions"",""brand:wikidata"":""Q634815"",""camera:mount"":""pole"",""camera:type"":""fixed"",""direction"":""160"",""man_made"":""surveillance"",""operator"":null,""operator:wikidata"":null,""surveillance"":""traffic"",""surveillance:type"":""ALPR"",""surveillance:zone"":""traffic"",""manufacturer"":null,""manufacturer:wikidata"":null,""operator:short"":null,""addr:street"":null,""colour"":null,""height"":null,""model"":null,""note"":null}"
-88.1528947,40.324162,10542792518,Flock Safety,Flock Safety,215,ALPR,surveillance,2024-11-17T12:18:39Z,4,"{""brand"":""Flock Safety"",""brand:wikidata"":""Q108485435"",""camera:mount"":""pole"",""camera:type"":""fixed"",""direction"":""215"",""man_made"":""surveillance"",""operator"":""Flock Safety"",""operator:wikidata"":""Q108485435"",""surveillance"":null,""surveillance:type"":""ALPR"",""surveillance:zone"":""traffic"",""manufacturer"":null,""manufacturer:wikidata"":null,""operator:short"":null,""addr:street"":null,""colour"":null,""height"":null,""model"":null,""note"":null}"
-88.1526836,40.3241299,10542792519,Flock Safety,Flock Safety,35,ALPR,surveillance,2024-11-17T12:18:39Z,4,"{""brand"":""Flock Safety"",""brand:wikidata"":""Q108485435"",""camera:mount"":""pole"",""camera:type"":""fixed"",""direction"":""35"",""man_made"":""surveillance"",""operator"":""Flock Safety"",""operator:wikidata"":""Q108485435"",""surveillance"":null,""surveillance:type"":""ALPR"",""surveillance:zone"":""traffic"",""manufacturer"":null,""manufacturer:wikidata"":null,""operator:short"":null,""addr:street"":null,""colour"":null,""height"":null,""model"":null,""note"":null}"
-88.1737113,40.2754632,10542792521,,,,ALPR,surveillance,2025-01-05T15:31:55Z,2,"{""brand"":null,""brand:wikidata"":null,""camera:mount"":""pole"",""camera:type"":""fixed"",""direction"":null,""man_made"":""surveillance"",""operator"":null,""operator:wikidata"":null,""surveillance"":""traffic"",""surveillance:type"":""ALPR"",""surveillance:zone"":null,""manufacturer"":null,""manufacturer:wikidata"":null,""operator:short"":null,""addr:street"":null,""colour"":null,""height"":null,""model"":null,""note"":null}"
-88.1732958,40.2755,10542792522,,,,ALPR,surveillance,2025-01-05T15:31:55Z,2,"{""brand"":null,""brand:wikidata"":null,""camera:mount"":""pole"",""camera:type"":""fixed"",""direction"":null,""man_made"":""surveillance"",""operator"":null,""operator:wikidata"":null,""surveillance"":""traffic"",""surveillance:type"":""ALPR"",""surveillance:zone"":null,""manufacturer"":null,""manufacturer:wikidata"":null,""operator:short"":null,""addr:street"":null,""colour"":null,""height"":null,""model"":null,""note"":null}"
-87.6512495,41.8910328,10765186749,Illinois State Police,,135,ALPR,surveillance,2024-12-12T19:24:19Z,3,"{""brand"":null,""brand:wikidata"":null,""camera:mount"":""wall"",""camera:type"":""fixed"",""direction"":""135"",""man_made"":""surveillance"",""operator"":""Illinois State Police"",""operator:wikidata"":""Q3148730"",""surveillance"":""traffic"",""surveillance:type"":""ALPR"",""surveillance:zone"":""traffic"",""manufacturer"":null,""manufacturer:wikidata"":null,""operator:short"":""ISP"",""addr:street"":null,""colour"":null,""height"":null,""model"":null,""note"":null}"
-87.651039,41.8910366,10765186750,Illinois State Police,,135,ALPR,surveillance,2024-12-12T19:24:19Z,3,"{""brand"":null,""brand:wikidata"":null,""camera:mount"":""wall"",""camera:type"":""fixed"",""direction"":""135"",""man_made"":""surveillance"",""operator"":""Illinois State Police"",""operator:wikidata"":""Q3148730"",""surveillance"":""traffic"",""surveillance:type"":""ALPR"",""surveillance:zone"":""traffic"",""manufacturer"":null,""manufacturer:wikidata"":null,""operator:short"":""ISP"",""addr:street"":null,""colour"":null,""height"":null,""model"":null,""note"":null}"
-87.6510946,41.8912806,10765186751,Illinois State Police,,305,ALPR,surveillance,2024-12-12T19:24:19Z,3,"{""brand"":null,""brand:wikidata"":null,""camera:mount"":""wall"",""camera:type"":""fixed"",""direction"":""305"",""man_made"":""surveillance"",""operator"":""Illinois State Police"",""operator:wikidata"":""Q3148730"",""surveillance"":""traffic"",""surveillance:type"":""ALPR"",""surveillance:zone"":""traffic"",""manufacturer"":null,""manufacturer:wikidata"":null,""operator:short"":""ISP"",""addr:street"":null,""colour"":null,""height"":null,""model"":null,""note"":null}"
-87.6508545,41.8912781,10765186752,Illinois State Police,,305,ALPR,surveillance,2024-12-12T19:24:19Z,3,"{""brand"":null,""brand:wikidata"":null,""camera:mount"":""wall"",""camera:type"":""fixed"",""direction"":""305"",""man_made"":""surveillance"",""operator"":""Illinois State Police"",""operator:wikidata"":""Q3148730"",""surveillance"":""traffic"",""surveillance:type"":""ALPR"",""surveillance:zone"":""traffic"",""manufacturer"":null,""manufacturer:wikidata"":null,""operator:short"":""ISP"",""addr:street"":null,""colour"":null,""height"":null,""model"":null,""note"":null}"
-87.6580738,41.8963435,10765186753,Illinois State Police,,325,ALPR,surveillance,2025-09-03T00:38:22Z,4,"{""brand"":null,""brand:wikidata"":null,""camera:mount"":""wall"",""camera:type"":""fixed"",""direction"":""325"",""man_made"":""surveillance"",""operator"":""Illinois State Police"",""operator:wikidata"":""Q3148730"",""surveillance"":""traffic"",""surveillance:type"":""ALPR"",""surveillance:zone"":""traffic"",""manufacturer"":null,""manufacturer:wikidata"":null,""operator:short"":""ISP"",""addr:street"":null,""colour"":null,""height"":null,""model"":null,""note"":null}"
-87.657894,41.8963467,10765186754,Illinois State Police,,325,ALPR,surveillance,2025-09-03T00:38:22Z,4,"{""brand"":null,""brand:wikidata"":null,""camera:mount"":""wall"",""camera:type"":""fixed"",""direction"":""325"",""man_made"":""surveillance"",""operator"":""Illinois State Police"",""operator:wikidata"":""Q3148730"",""surveillance"":""traffic"",""surveillance:type"":""ALPR"",""surveillance:zone"":""traffic"",""manufacturer"":null,""manufacturer:wikidata"":null,""operator:short"":""ISP"",""addr:street"":null,""colour"":null,""height"":null,""model"":null,""note"":null}"
-87.6582558,41.8963403,10765186755,Illinois State Police,,325,ALPR,surveillance,2025-09-03T00:38:22Z,4,"{""brand"":null,""brand:wikidata"":null,""camera:mount"":""wall"",""camera:type"":""fixed"",""direction"":""325"",""man_made"":""surveillance"",""operator"":""Illinois State Police"",""operator:wikidata"":""Q3148730"",""surveillance"":""traffic"",""surveillance:type"":""ALPR"",""surveillance:zone"":""traffic"",""manufacturer"":null,""manufacturer:wikidata"":null,""operator:short"":""ISP"",""addr:street"":null,""colour"":null,""height"":null,""model"":null,""note"":null}"
-87.6580605,41.8961142,10765186756,Illinois State Police,,145,ALPR,surveillance,2025-09-03T00:38:22Z,4,"{""brand"":null,""brand:wikidata"":null,""camera:mount"":""wall"",""camera:type"":""fixed"",""direction"":""145"",""man_made"":""surveillance"",""operator"":""Illinois State Police"",""operator:wikidata"":""Q3148730"",""surveillance"":""traffic"",""surveillance:type"":""ALPR"",""surveillance:zone"":""traffic"",""manufacturer"":null,""manufacturer:wikidata"":null,""operator:short"":""ISP"",""addr:street"":null,""colour"":null,""height"":null,""model"":null,""note"":null}"
-87.6585688,41.896105,10765186757,Illinois State Police,,145,ALPR,surveillance,2025-09-03T00:38:22Z,4,"{""brand"":null,""brand:wikidata"":null,""camera:mount"":""wall"",""camera:type"":""fixed"",""direction"":""145"",""man_made"":""surveillance"",""operator"":""Illinois State Police"",""operator:wikidata"":""Q3148730"",""surveillance"":""traffic"",""surveillance:type"":""ALPR"",""surveillance:zone"":""traffic"",""manufacturer"":null,""manufacturer:wikidata"":null,""operator:short"":""ISP"",""addr:street"":null,""colour"":null,""height"":null,""model"":null,""note"":null}"
-87.658347,41.8961091,10765186758,Illinois State Police,,145,ALPR,surveillance,2025-09-03T00:38:22Z,4,"{""brand"":null,""brand:wikidata"":null,""camera:mount"":""wall"",""camera:type"":""fixed"",""direction"":""145"",""man_made"":""surveillance"",""operator"":""Illinois State Police"",""operator:wikidata"":""Q3148730"",""surveillance"":""traffic"",""surveillance:type"":""ALPR"",""surveillance:zone"":""traffic"",""manufacturer"":null,""manufacturer:wikidata"":null,""operator:short"":""ISP"",""addr:street"":null,""colour"":null,""height"":null,""model"":null,""note"":null}"
-87.6581908,41.8961119,10765186759,Illinois State Police,,145,ALPR,surveillance,2025-09-03T00:38:22Z,4,"{""brand"":null,""brand:wikidata"":null,""camera:mount"":""wall"",""camera:type"":""fixed"",""direction"":""145"",""man_made"":""surveillance"",""operator"":""Illinois State Police"",""operator:wikidata"":""Q3148730"",""surveillance"":""traffic"",""surveillance:type"":""ALPR"",""surveillance:zone"":""traffic"",""manufacturer"":null,""manufacturer:wikidata"":null,""operator:short"":""ISP"",""addr:street"":null,""colour"":null,""height"":null,""model"":null,""note"":null}"
-87.647808,41.892478,10767134880,Illinois State Police,,270,ALPR,surveillance,2024-12-12T19:24:19Z,4,"{""brand"":null,""brand:wikidata"":null,""camera:mount"":""street_lamp"",""camera:type"":""fixed"",""direction"":""270"",""man_made"":""surveillance"",""operator"":""Illinois State Police"",""operator:wikidata"":""Q3148730"",""surveillance"":""traffic"",""surveillance:type"":""ALPR"",""surveillance:zone"":""traffic"",""manufacturer"":null,""manufacturer:wikidata"":null,""operator:short"":""ISP"",""addr:street"":null,""colour"":null,""height"":null,""model"":null,""note"":null}"
-87.647825,41.8925397,10767134881,Illinois State Police,,270,ALPR,surveillance,2024-12-12T19:24:19Z,4,"{""brand"":null,""brand:wikidata"":null,""camera:mount"":""street_lamp"",""camera:type"":""fixed"",""direction"":""270"",""man_made"":""surveillance"",""operator"":""Illinois State Police"",""operator:wikidata"":""Q3148730"",""surveillance"":""traffic"",""surveillance:type"":""ALPR"",""surveillance:zone"":""traffic"",""manufacturer"":null,""manufacturer:wikidata"":null,""operator:short"":""ISP"",""addr:street"":null,""colour"":null,""height"":null,""model"":null,""note"":null}"
-87.6475085,41.8923747,10767134882,Illinois State Police,,90,ALPR,surveillance,2026-03-22T21:06:34Z,5,"{""brand"":null,""brand:wikidata"":null,""camera:mount"":""street_lamp"",""camera:type"":""fixed"",""direction"":""90"",""man_made"":""surveillance"",""operator"":""Illinois State Police"",""operator:wikidata"":""Q3148730"",""surveillance"":""traffic"",""surveillance:type"":""ALPR"",""surveillance:zone"":""traffic"",""manufacturer"":null,""manufacturer:wikidata"":null,""operator:short"":""ISP"",""addr:street"":null,""colour"":null,""height"":null,""model"":null,""note"":null}"
-87.8071282,41.9571655,10767496362,Flock Safety,Flock Safety,350,ALPR,surveillance,2024-09-23T19:12:50Z,4,"{""brand"":""Flock Safety"",""brand:wikidata"":""Q108485435"",""camera:mount"":""pole"",""camera:type"":""fixed"",""direction"":""350"",""man_made"":""surveillance"",""operator"":""Flock Safety"",""operator:wikidata"":""Q108485435"",""surveillance"":""traffic"",""surveillance:type"":""ALPR"",""surveillance:zone"":""traffic"",""manufacturer"":null,""manufacturer:wikidata"":null,""operator:short"":null,""addr:street"":null,""colour"":null,""height"":null,""model"":null,""note"":null}"
-87.7883974,41.9685239,10767512764,Flock Safety,Flock Safety,250,ALPR,surveillance,2026-08-18T14:29:42Z,4,"{""brand"":""Flock Safety"",""brand:wikidata"":""Q108485435"",""camera:mount"":""pole"",""camera:type"":""fixed"",""direction"":""250"",""man_made"":""surveillance"",""operator"":""Flock Safety"",""operator:wikidata"":""Q108485435"",""surveillance"":""traffic"",""surveillance:type"":""ALPR"",""surveillance:zone"":""traffic"",""manufacturer"":null,""manufacturer:wikidata"":null,""operator:short"":null,""addr:street"":null,""colour"":null,""height"":null,""model"":null,""note"":null}"
-87.8073784,41.9616459,10767547010,Flock Safety,Flock Safety,170,ALPR,surveillance,2024-09-23T19:12:50Z,3,"{""brand"":""Flock Safety"",""brand:wikidata"":""Q108485435"",""camera:mount"":""street_lamp"",""camera:type"":""fixed"",""direction"":""170"",""man_made"":""surveillance"",""operator"":""Flock Safety"",""operator:wikidata"":""Q108485435"",""surveillance"":""traffic"",""surveillance:type"":""ALPR"",""surveillance:zone"":""traffic"",""manufacturer"":null,""manufacturer:wikidata"":null,""operator:short"":null,""addr:street"":null,""colour"":null,""height"":null,""model"":null,""note"":null}"
-87.8014811,41.9568454,10774047727,Flock Safety,Flock Safety,210,ALPR,surveillance,2024-09-23T19:12:50Z,3,"{""brand"":""Flock Safety"",""brand:wikidata"":""Q108485435"",""camera:mount"":""street_lamp"",""camera:type"":""fixed"",""direction"":""210"",""man_made"":""surveillance"",""operator"":""Flock Safety"",""operator:wikidata"":""Q108485435"",""surveillance"":""traffic"",""surveillance:type"":""ALPR"",""surveillance:zone"":""traffic"",""manufacturer"":null,""manufacturer:wikidata"":null,""operator:short"":null,""addr:street"":null,""colour"":null,""height"":null,""model"":null,""note"":null}"
-87.7120746,41.9283049,10780034864,Chicago Police Department,,270,ALPR,surveillance,2024-08-27T09:25:50Z,2,"{""brand"":null,""brand:wikidata"":null,""camera:mount"":""traffic_signals"",""camera:type"":""fixed"",""direction"":""270"",""man_made"":""surveillance"",""operator"":""Chicago Police Department"",""operator:wikidata"":""Q1340186"",""surveillance"":""traffic"",""surveillance:type"":""ALPR"",""surveillance:zone"":""street"",""manufacturer"":null,""manufacturer:wikidata"":null,""operator:short"":null,""addr:street"":null,""colour"":null,""height"":null,""model"":null,""note"":null}"
-87.7133038,41.9282475,10780034865,Chicago Police Department,,200,ALPR,surveillance,2024-08-27T09:25:50Z,2,"{""brand"":null,""brand:wikidata"":null,""camera:mount"":""lighting_pole"",""camera:type"":""fixed"",""direction"":""200"",""man_made"":""surveillance"",""operator"":""Chicago Police Department"",""operator:wikidata"":""Q1340186"",""surveillance"":""traffic"",""surveillance:type"":""ALPR"",""surveillance:zone"":""street"",""manufacturer"":null,""manufacturer:wikidata"":null,""operator:short"":null,""addr:street"":null,""colour"":null,""height"":null,""model"":null,""note"":null}"
-88.0782541,40.4591213,10837038294,Flock Safety,Flock Safety,250,ALPR,surveillance,2024-09-23T19:59:17Z,3,"{""brand"":""Flock Safety"",""brand:wikidata"":null,""camera:mount"":""pole"",""camera:type"":""fixed"",""direction"":""250"",""man_made"":""surveillance"",""operator"":""Flock Safety"",""operator:wikidata"":""Q108485435"",""surveillance"":""traffic"",""surveillance:type"":""ALPR"",""surveillance:zone"":""traffic"",""manufacturer"":null,""manufacturer:wikidata"":null,""operator:short"":null,""addr:street"":""East Rte 9"",""colour"":""black"",""height"":""3"",""model"":""Falcon Flex"",""note"":null}"
-87.7870731,41.9635023,10837383888,Flock Safety,Flock Safety,300,ALPR,surveillance,2024-09-23T19:12:50Z,3,"{""brand"":""Flock Safety"",""brand:wikidata"":""Q108485435"",""camera:mount"":""street_lamp"",""camera:type"":""fixed"",""direction"":""300"",""man_made"":""surveillance"",""operator"":""Flock Safety"",""operator:wikidata"":""Q108485435"",""surveillance"":""traffic"",""surveillance:type"":""ALPR"",""surveillance:zone"":""traffic"",""manufacturer"":null,""manufacturer:wikidata"":null,""operator:short"":null,""addr:street"":null,""colour"":null,""height"":null,""model"":null,""note"":null}"
-87.7872387,41.9632628,10837383889,Flock Safety,Flock Safety,120,ALPR,surveillance,2024-09-23T19:12:50Z,3,"{""brand"":""Flock Safety"",""brand:wikidata"":""Q108485435"",""camera:mount"":""pole"",""camera:type"":""fixed"",""direction"":""120"",""man_made"":""surveillance"",""operator"":""Flock Safety"",""operator:wikidata"":""Q108485435"",""surveillance"":""traffic"",""surveillance:type"":""ALPR"",""surveillance:zone"":""traffic"",""manufacturer"":null,""manufacturer:wikidata"":null,""operator:short"":null,""addr:street"":null,""colour"":null,""height"":null,""model"":null,""note"":null}"
-87.8049653,41.9681989,10837409451,Flock Safety,Flock Safety,70,ALPR,surveillance,2024-09-23T19:12:50Z,3,"{""brand"":""Flock Safety"",""brand:wikidata"":""Q108485435"",""camera:mount"":""pole"",""camera:type"":""fixed"",""direction"":""70"",""man_made"":""surveillance"",""operator"":""Flock Safety"",""operator:wikidata"":""Q108485435"",""surveillance"":""traffic"",""surveillance:type"":""ALPR"",""surveillance:zone"":""traffic"",""manufacturer"":null,""manufacturer:wikidata"":null,""operator:short"":null,""addr:street"":null,""colour"":null,""height"":null,""model"":null,""note"":null}"
-87.7545845,41.8713334,10838066134,Illinois State Police,,90;100,ALPR,surveillance,2025-09-19T21:06:33Z,4,"{""brand"":null,""brand:wikidata"":null,""camera:mount"":""wall"",""camera:type"":""fixed"",""direction"":""90;100"",""man_made"":""surveillance"",""operator"":""Illinois State Police"",""operator:wikidata"":""Q3148730"",""surveillance"":""traffic"",""surveillance:type"":""ALPR"",""surveillance:zone"":""traffic"",""manufacturer"":null,""manufacturer:wikidata"":null,""operator:short"":""ISP"",""addr:street"":null,""colour"":null,""height"":null,""model"":null,""note"":null}"
-87.7549045,41.8716782,10838066135,Illinois State Police,,270;280,ALPR,surveillance,2025-09-19T21:06:33Z,4,"{""brand"":null,""brand:wikidata"":null,""camera:mount"":""wall"",""camera:type"":""fixed"",""direction"":""270;280"",""man_made"":""surveillance"",""operator"":""Illinois State Police"",""operator:wikidata"":""Q3148730"",""surveillance"":""traffic"",""surveillance:type"":""ALPR"",""surveillance:zone"":""traffic"",""manufacturer"":null,""manufacturer:wikidata"":null,""operator:short"":""ISP"",""addr:street"":null,""colour"":null,""height"":null,""model"":null,""note"":null}"
-87.749134,41.8717457,10838066139,Illinois State Police,,260;270;280;290,ALPR,surveillance,2025-09-19T21:06:33Z,5,"{""brand"":null,""brand:wikidata"":null,""camera:mount"":""wall"",""camera:type"":""fixed"",""direction"":""260;270;280;290"",""man_made"":""surveillance"",""operator"":""Illinois State Police"",""operator:wikidata"":""Q3148730"",""surveillance"":""traffic"",""surveillance:type"":""ALPR"",""surveillance:zone"":""traffic"",""manufacturer"":null,""manufacturer:wikidata"":null,""operator:short"":""ISP"",""addr:street"":null,""colour"":null,""height"":null,""model"":null,""note"":null}"
-87.8067269,41.938042,10878734452,Chicago Police Department,Motorola Solutions,0,ALPR,surveillance,2026-07-19T23:29:07Z,4,"{""brand"":null,""brand:wikidata"":null,""camera:mount"":""traffic_signals"",""camera:type"":""fixed"",""direction"":""0"",""man_made"":""surveillance"",""operator"":""Chicago Police Department"",""operator:wikidata"":""Q1340186"",""surveillance"":""public"",""surveillance:type"":""ALPR"",""surveillance:zone"":""traffic"",""manufacturer"":""Motorola Solutions"",""manufacturer:wikidata"":""Q634815"",""operator:short"":null,""addr:street"":null,""colour"":null,""height"":null,""model"":null,""note"":null}"
-87.7274529,41.9536098,10886812428,Chicago Police Department,,90,ALPR,surveillance,2024-08-27T03:16:23Z,2,"{""brand"":null,""brand:wikidata"":null,""camera:mount"":""traffic_signals"",""camera:type"":""fixed"",""direction"":""90"",""man_made"":""surveillance"",""operator"":""Chicago Police Department"",""operator:wikidata"":""Q1340186"",""surveillance"":""traffic"",""surveillance:type"":""ALPR"",""surveillance:zone"":""traffic"",""manufacturer"":null,""manufacturer:wikidata"":null,""operator:short"":null,""addr:street"":null,""colour"":null,""height"":null,""model"":null,""note"":null}"
-87.7277825,41.953698,10886812429,Chicago Police Department,,270,ALPR,surveillance,2024-08-27T03:16:23Z,2,"{""brand"":null,""brand:wikidata"":null,""camera:mount"":""traffic_signals"",""camera:type"":""fixed"",""direction"":""270"",""man_made"":""surveillance"",""operator"":""Chicago Police Department"",""operator:wikidata"":""Q1340186"",""surveillance"":""traffic"",""surveillance:type"":""ALPR"",""surveillance:zone"":""traffic"",""manufacturer"":null,""manufacturer:wikidata"":null,""operator:short"":null,""addr:street"":null,""colour"":null,""height"":null,""model"":null,""note"":null}"
-87.7465076,41.9242959,10886839489,Chicago Police Department,,270,ALPR,surveillance,2024-08-27T09:25:50Z,2,"{""brand"":null,""brand:wikidata"":null,""camera:mount"":""traffic_signals"",""camera:type"":""fixed"",""direction"":""270"",""man_made"":""surveillance"",""operator"":""Chicago Police Department"",""operator:wikidata"":""Q1340186"",""surveillance"":""traffic"",""surveillance:type"":""ALPR"",""surveillance:zone"":""traffic"",""manufacturer"":null,""manufacturer:wikidata"":null,""operator:short"":null,""addr:street"":null,""colour"":null,""height"":null,""model"":null,""note"":null}"
-87.7563975,41.9285925,10886839490,Chicago Police Department,,165,ALPR,surveillance,2024-08-27T09:25:50Z,2,"{""brand"":null,""brand:wikidata"":null,""camera:mount"":""street_lamp"",""camera:type"":""fixed"",""direction"":""165"",""man_made"":""surveillance"",""operator"":""Chicago Police Department"",""operator:wikidata"":""Q1340186"",""surveillance"":""traffic"",""surveillance:type"":""ALPR"",""surveillance:zone"":""traffic"",""manufacturer"":null,""manufacturer:wikidata"":null,""operator:short"":null,""addr:street"":null,""colour"":null,""height"":null,""model"":null,""note"":null}"
-87.6317821,41.8383774,10887548046,Chicago Police Department,,165,ALPR,surveillance,2024-08-27T03:38:10Z,2,"{""brand"":null,""brand:wikidata"":null,""camera:mount"":""street_lamp"",""camera:type"":""fixed"",""direction"":""165"",""man_made"":""surveillance"",""operator"":""Chicago Police Department"",""operator:wikidata"":""Q1340186"",""surveillance"":""traffic"",""surveillance:type"":""ALPR"",""surveillance:zone"":""traffic"",""manufacturer"":null,""manufacturer:wikidata"":null,""operator:short"":null,""addr:street"":null,""colour"":null,""height"":null,""model"":null,""note"":null}"
-87.8633026,41.8711733,10897934044,Illinois State Police,,270;260;280,ALPR,surveillance,2025-09-20T03:35:24Z,5,"{""brand"":null,""brand:wikidata"":null,""camera:mount"":""wall"",""camera:type"":""fixed"",""direction"":""270;260;280"",""man_made"":""surveillance"",""operator"":""Illinois State Police"",""operator:wikidata"":""Q3148730"",""surveillance"":""traffic"",""surveillance:type"":""ALPR"",""surveillance:zone"":""traffic"",""manufacturer"":null,""manufacturer:wikidata"":null,""operator:short"":""ISP"",""addr:street"":null,""colour"":null,""height"":null,""model"":null,""note"":null}"
-87.8155632,41.8733645,10897934045,Illinois State Police,,250;240;260,ALPR,surveillance,2025-09-19T21:06:33Z,4,"{""brand"":null,""brand:wikidata"":null,""camera:mount"":""wall"",""camera:type"":""fixed"",""direction"":""250;240;260"",""man_made"":""surveillance"",""operator"":""Illinois State Police"",""operator:wikidata"":""Q3148730"",""surveillance"":""traffic"",""surveillance:type"":""ALPR"",""surveillance:zone"":""traffic"",""manufacturer"":null,""manufacturer:wikidata"":null,""operator:short"":""ISP"",""addr:street"":null,""colour"":null,""height"":null,""model"":null,""note"":null}"
-87.8153448,41.8732669,10897934046,Illinois State Police,,65;76;55,ALPR,surveillance,2025-09-19T21:06:33Z,4,"{""brand"":null,""brand:wikidata"":null,""camera:mount"":""wall"",""camera:type"":""fixed"",""direction"":""65;76;55"",""man_made"":""surveillance"",""operator"":""Illinois State Police"",""operator:wikidata"":""Q3148730"",""surveillance"":""traffic"",""surveillance:type"":""ALPR"",""surveillance:zone"":""traffic"",""manufacturer"":null,""manufacturer:wikidata"":null,""operator:short"":""ISP"",""addr:street"":null,""colour"":null,""height"":null,""model"":null,""note"":null}"
-87.9734893,41.8569052,10897941190,,,75,ALPR,surveillance,2023-05-15T04:50:34Z,1,"{""brand"":null,""brand:wikidata"":null,""camera:mount"":""pole"",""camera:type"":""fixed"",""direction"":""75"",""man_made"":""surveillance"",""operator"":null,""operator:wikidata"":null,""surveillance"":""traffic"",""surveillance:type"":""ALPR"",""surveillance:zone"":""traffic"",""manufacturer"":null,""manufacturer:wikidata"":null,""operator:short"":null,""addr:street"":null,""colour"":null,""height"":null,""model"":null,""note"":""Flock Safety ALPR""}"
-87.9758801,41.8568123,10897941191,,,170,ALPR,surveillance,2023-05-15T04:50:34Z,1,"{""brand"":null,""brand:wikidata"":null,""camera:mount"":""street_lamp"",""camera:type"":""fixed"",""direction"":""170"",""man_made"":""surveillance"",""operator"":null,""operator:wikidata"":null,""surveillance"":""traffic"",""surveillance:type"":""ALPR"",""surveillance:zone"":""traffic"",""manufacturer"":null,""manufacturer:wikidata"":null,""operator:short"":null,""addr:street"":null,""colour"":null,""height"":null,""model"":null,""note"":""Flock Safety ALPR""}"
-87.8339492,41.8745909,10897942184,,Motorola Solutions,165,ALPR,surveillance,2025-10-03T20:52:46Z,2,"{""brand"":null,""brand:wikidata"":null,""camera:mount"":""street_lamp"",""camera:type"":""fixed"",""direction"":""165"",""man_made"":""surveillance"",""operator"":null,""operator:wikidata"":null,""surveillance"":""traffic"",""surveillance:type"":""ALPR"",""surveillance:zone"":""traffic"",""manufacturer"":""Motorola Solutions"",""manufacturer:wikidata"":null,""operator:short"":null,""addr:street"":null,""colour"":null,""height"":null,""model"":null,""note"":null}"
-87.9670814,41.8608998,10897951100,,,260,ALPR,surveillance,2023-05-15T04:43:27Z,1,"{""brand"":null,""brand:wikidata"":null,""camera:mount"":""street_lamp"",""camera:type"":""fixed"",""direction"":""260"",""man_made"":""surveillance"",""operator"":null,""operator:wikidata"":null,""surveillance"":""traffic"",""surveillance:type"":""ALPR"",""surveillance:zone"":""traffic"",""manufacturer"":null,""manufacturer:wikidata"":null,""operator:short"":null,""addr:street"":null,""colour"":null,""height"":null,""model"":null,""note"":""Flock Safety ALPR""}"
-87.7303733,41.871709,10913619205,,,220,ALPR,surveillance,2026-04-07T21:40:43Z,2,"{""brand"":null,""brand:wikidata"":null,""camera:mount"":null,""camera:type"":null,""direction"":""220"",""man_made"":""surveillance"",""operator"":null,""operator:wikidata"":null,""surveillance"":""alpr"",""surveillance:type"":""ALPR"",""surveillance:zone"":""traffic"",""manufacturer"":null,""manufacturer:wikidata"":null,""operator:short"":null,""addr:street"":null,""colour"":null,""height"":null,""model"":null,""note"":null}"
-87.7605193,41.9678207,10918389235,Chicago Police Department,,90,ALPR,surveillance,2024-08-27T03:16:23Z,2,"{""brand"":null,""brand:wikidata"":null,""camera:mount"":""traffic_signals"",""camera:type"":""fixed"",""direction"":""90"",""man_made"":""surveillance"",""operator"":""Chicago Police Department"",""operator:wikidata"":""Q1340186"",""surveillance"":""traffic"",""surveillance:type"":""ALPR"",""surveillance:zone"":""traffic"",""manufacturer"":null,""manufacturer:wikidata"":null,""operator:short"":null,""addr:street"":null,""colour"":null,""height"":null,""model"":null,""note"":null}"
-87.763909,41.9678242,10918389236,Chicago Police Department,,125,ALPR,surveillance,2024-08-27T03:16:23Z,2,"{""brand"":null,""brand:wikidata"":null,""camera:mount"":""street_lamp"",""camera:type"":""fixed"",""direction"":""125"",""man_made"":""surveillance"",""operator"":""Chicago Police Department"",""operator:wikidata"":""Q1340186"",""surveillance"":""traffic"",""surveillance:type"":""ALPR"",""surveillance:zone"":""traffic"",""manufacturer"":null,""manufacturer:wikidata"":null,""operator:short"":null,""addr:street"":null,""colour"":null,""height"":null,""model"":null,""note"":null}"
-87.6322357,41.8832139,10926547591,Chicago Police Department,,75,ALPR,surveillance,2024-08-27T05:01:14Z,2,"{""brand"":null,""brand:wikidata"":null,""camera:mount"":""traffic_signals"",""camera:type"":""fixed"",""direction"":""75"",""man_made"":""surveillance"",""operator"":""Chicago Police Department"",""operator:wikidata"":""Q1340186"",""surveillance"":""traffic"",""surveillance:type"":""ALPR"",""surveillance:zone"":""traffic"",""manufacturer"":null,""manufacturer:wikidata"":null,""operator:short"":null,""addr:street"":null,""colour"":null,""height"":null,""model"":null,""note"":null}"
-87.6322357,41.8832073,10926547592,Chicago Police Department,,85,ALPR,surveillance,2024-08-27T05:01:14Z,2,"{""brand"":null,""brand:wikidata"":null,""camera:mount"":""traffic_signals"",""camera:type"":""fixed"",""direction"":""85"",""man_made"":""surveillance"",""operator"":""Chicago Police Department"",""operator:wikidata"":""Q1340186"",""surveillance"":""traffic"",""surveillance:type"":""ALPR"",""surveillance:zone"":""traffic"",""manufacturer"":null,""manufacturer:wikidata"":null,""operator:short"":null,""addr:street"":null,""colour"":null,""height"":null,""model"":null,""note"":null}"
-87.6325002,41.8830986,10926547593,Chicago Police Department,,30,ALPR,surveillance,2024-08-27T05:01:14Z,2,"{""brand"":null,""brand:wikidata"":null,""camera:mount"":""traffic_signals"",""camera:type"":""fixed"",""direction"":""30"",""man_made"":""surveillance"",""operator"":""Chicago Police Department"",""operator:wikidata"":""Q1340186"",""surveillance"":""traffic"",""surveillance:type"":""ALPR"",""surveillance:zone"":""traffic"",""manufacturer"":null,""manufacturer:wikidata"":null,""operator:short"":null,""addr:street"":null,""colour"":null,""height"":null,""model"":null,""note"":null}"
-87.6326478,41.8845543,10926547594,Chicago Police Department,,155,ALPR,surveillance,2024-09-17T20:19:16Z,3,"{""brand"":null,""brand:wikidata"":null,""camera:mount"":""street_lamp"",""camera:type"":""fixed"",""direction"":""155"",""man_made"":""surveillance"",""operator"":""Chicago Police Department"",""operator:wikidata"":""Q1340186"",""surveillance"":""traffic"",""surveillance:type"":""ALPR"",""surveillance:zone"":""traffic"",""manufacturer"":null,""manufacturer:wikidata"":null,""operator:short"":null,""addr:street"":null,""colour"":null,""height"":null,""model"":null,""note"":null}"
-87.6310388,41.8843586,10926547595,Chicago Police Department,,160,ALPR,surveillance,2024-08-27T05:01:14Z,2,"{""brand"":null,""brand:wikidata"":null,""camera:mount"":""traffic_signals"",""camera:type"":""fixed"",""direction"":""160"",""man_made"":""surveillance"",""operator"":""Chicago Police Department"",""operator:wikidata"":""Q1340186"",""surveillance"":""traffic"",""surveillance:type"":""ALPR"",""surveillance:zone"":""traffic"",""manufacturer"":null,""manufacturer:wikidata"":null,""operator:short"":null,""addr:street"":null,""colour"":null,""height"":null,""model"":null,""note"":null}"
-87.6310354,41.8843608,10926547596,Chicago Police Department,,316,ALPR,surveillance,2026-07-09T01:13:40Z,3,"{""brand"":null,""brand:wikidata"":null,""camera:mount"":""traffic_signals"",""camera:type"":""fixed"",""direction"":""316"",""man_made"":""surveillance"",""operator"":""Chicago Police Department"",""operator:wikidata"":""Q1340186"",""surveillance"":""traffic"",""surveillance:type"":""ALPR"",""surveillance:zone"":""traffic"",""manufacturer"":null,""manufacturer:wikidata"":null,""operator:short"":null,""addr:street"":null,""colour"":null,""height"":null,""model"":null,""note"":null}"
-87.631116,41.8844058,10926547597,Chicago Police Department,,280,ALPR,surveillance,2024-08-27T05:01:14Z,2,"{""brand"":null,""brand:wikidata"":null,""camera:mount"":""traffic_signals"",""camera:type"":""fixed"",""direction"":""280"",""man_made"":""surveillance"",""operator"":""Chicago Police Department"",""operator:wikidata"":""Q1340186"",""surveillance"":""traffic"",""surveillance:type"":""ALPR"",""surveillance:zone"":""traffic"",""manufacturer"":null,""manufacturer:wikidata"":null,""operator:short"":null,""addr:street"":null,""colour"":null,""height"":null,""model"":null,""note"":null}"
-87.6311125,41.8844116,10926547598,Chicago Police Department,,128,ALPR,surveillance,2026-07-09T01:13:50Z,3,"{""brand"":null,""brand:wikidata"":null,""camera:mount"":""traffic_signals"",""camera:type"":""fixed"",""direction"":""128"",""man_made"":""surveillance"",""operator"":""Chicago Police Department"",""operator:wikidata"":""Q1340186"",""surveillance"":""traffic"",""surveillance:type"":""ALPR"",""surveillance:zone"":""traffic"",""manufacturer"":null,""manufacturer:wikidata"":null,""operator:short"":null,""addr:street"":null,""colour"":null,""height"":null,""model"":null,""note"":null}"
-87.7439635,41.8458575,10942379541,Flock Safety,Flock Safety,340,ALPR,surveillance,2024-08-27T02:11:48Z,3,"{""brand"":""Flock Safety"",""brand:wikidata"":""Q108485435"",""camera:mount"":""pole"",""camera:type"":""fixed"",""direction"":""340"",""man_made"":""surveillance"",""operator"":""Flock Safety"",""operator:wikidata"":""Q108485435"",""surveillance"":""traffic"",""surveillance:type"":""ALPR"",""surveillance:zone"":""traffic"",""manufacturer"":null,""manufacturer:wikidata"":null,""operator:short"":null,""addr:street"":null,""colour"":null,""height"":null,""model"":null,""note"":null}"
-87.7440572,41.8511322,10942379542,Flock Safety,Flock Safety,70,ALPR,surveillance,2024-08-27T02:11:48Z,3,"{""brand"":""Flock Safety"",""brand:wikidata"":""Q108485435"",""camera:mount"":""street_lamp"",""camera:type"":""fixed"",""direction"":""70"",""man_made"":""surveillance"",""operator"":""Flock Safety"",""operator:wikidata"":""Q108485435"",""surveillance"":""traffic"",""surveillance:type"":""ALPR"",""surveillance:zone"":""traffic"",""manufacturer"":null,""manufacturer:wikidata"":null,""operator:short"":null,""addr:street"":null,""colour"":null,""height"":null,""model"":null,""note"":null}"
-87.7442943,41.8556231,10942379543,Flock Safety,Flock Safety,340,ALPR,surveillance,2024-08-27T02:11:48Z,3,"{""brand"":""Flock Safety"",""brand:wikidata"":""Q108485435"",""camera:mount"":""street_lamp"",""camera:type"":""fixed"",""direction"":""340"",""man_made"":""surveillance"",""operator"":""Flock Safety"",""operator:wikidata"":""Q108485435"",""surveillance"":""traffic"",""surveillance:type"":""ALPR"",""surveillance:zone"":""traffic"",""manufacturer"":null,""manufacturer:wikidata"":null,""operator:short"":null,""addr:street"":null,""colour"":null,""height"":null,""model"":null,""note"":null}"
-87.7485403,41.9899459,10948354983,Chicago Police Department,,270,ALPR,surveillance,2024-08-27T03:51:59Z,2,"{""brand"":null,""brand:wikidata"":null,""camera:mount"":""traffic_signals"",""camera:type"":""fixed"",""direction"":""270"",""man_made"":""surveillance"",""operator"":""Chicago Police Department"",""operator:wikidata"":""Q1340186"",""surveillance"":""traffic"",""surveillance:type"":""ALPR"",""surveillance:zone"":""traffic"",""manufacturer"":null,""manufacturer:wikidata"":null,""operator:short"":null,""addr:street"":null,""colour"":null,""height"":null,""model"":null,""note"":null}"
-87.660332,41.9898953,10948354984,Chicago Police Department,,180,ALPR,surveillance,2024-08-27T19:04:21Z,2,"{""brand"":null,""brand:wikidata"":null,""camera:mount"":""traffic_signals"",""camera:type"":""fixed"",""direction"":""180"",""man_made"":""surveillance"",""operator"":""Chicago Police Department"",""operator:wikidata"":""Q1340186"",""surveillance"":""traffic"",""surveillance:type"":""ALPR"",""surveillance:zone"":""traffic"",""manufacturer"":null,""manufacturer:wikidata"":null,""operator:short"":null,""addr:street"":null,""colour"":null,""height"":null,""model"":null,""note"":null}"
-87.7686348,41.9756091,10962672187,Chicago Police Department,,75,ALPR,surveillance,2024-08-27T03:16:23Z,2,"{""brand"":null,""brand:wikidata"":null,""camera:mount"":""traffic_signals"",""camera:type"":""fixed"",""direction"":""75"",""man_made"":""surveillance"",""operator"":""Chicago Police Department"",""operator:wikidata"":""Q1340186"",""surveillance"":""traffic"",""surveillance:type"":""ALPR"",""surveillance:zone"":""traffic"",""manufacturer"":null,""manufacturer:wikidata"":null,""operator:short"":null,""addr:street"":null,""colour"":null,""height"":null,""model"":null,""note"":null}"
-87.6444903,41.9549002,10968615073,Chicago Police Department,,330,ALPR,surveillance,2024-08-27T05:01:14Z,2,"{""brand"":null,""brand:wikidata"":null,""camera:mount"":""street_lamp"",""camera:type"":""fixed"",""direction"":""330"",""man_made"":""surveillance"",""operator"":""Chicago Police Department"",""operator:wikidata"":""Q1340186"",""surveillance"":""traffic"",""surveillance:type"":""ALPR"",""surveillance:zone"":""traffic"",""manufacturer"":null,""manufacturer:wikidata"":null,""operator:short"":null,""addr:street"":null,""colour"":null,""height"":null,""model"":null,""note"":null}"
-87.6459726,41.9600609,10968615077,Chicago Police Department,,350,ALPR,surveillance,2024-08-27T05:01:14Z,2,"{""brand"":null,""brand:wikidata"":null,""camera:mount"":""street_lamp"",""camera:type"":""fixed"",""direction"":""350"",""man_made"":""surveillance"",""operator"":""Chicago Police Department"",""operator:wikidata"":""Q1340186"",""surveillance"":""traffic"",""surveillance:type"":""ALPR"",""surveillance:zone"":""traffic"",""manufacturer"":null,""manufacturer:wikidata"":null,""operator:short"":null,""addr:street"":null,""colour"":null,""height"":null,""model"":null,""note"":null}"
-87.6473936,41.9678192,10968615080,Chicago Police Department,,345,ALPR,surveillance,2024-08-27T05:01:14Z,2,"{""brand"":null,""brand:wikidata"":null,""camera:mount"":""street_lamp"",""camera:type"":""fixed"",""direction"":""345"",""man_made"":""surveillance"",""operator"":""Chicago Police Department"",""operator:wikidata"":""Q1340186"",""surveillance"":""traffic"",""surveillance:type"":""ALPR"",""surveillance:zone"":""traffic"",""manufacturer"":null,""manufacturer:wikidata"":null,""operator:short"":null,""addr:street"":null,""colour"":null,""height"":null,""model"":null,""note"":null}"
-87.6490633,41.9743311,10968615081,Chicago Police Department,,330,ALPR,surveillance,2024-08-27T05:01:14Z,2,"{""brand"":null,""brand:wikidata"":null,""camera:mount"":""street_lamp"",""camera:type"":""fixed"",""direction"":""330"",""man_made"":""surveillance"",""operator"":""Chicago Police Department"",""operator:wikidata"":""Q1340186"",""surveillance"":""traffic"",""surveillance:type"":""ALPR"",""surveillance:zone"":""traffic"",""manufacturer"":null,""manufacturer:wikidata"":null,""operator:short"":null,""addr:street"":null,""colour"":null,""height"":null,""model"":null,""note"":null}"
-87.7130578,41.9539793,10968643037,Chicago Police Department,,115,ALPR,surveillance,2024-08-27T09:25:50Z,2,"{""brand"":null,""brand:wikidata"":null,""camera:mount"":""traffic_signals"",""camera:type"":""fixed"",""direction"":""115"",""man_made"":""surveillance"",""operator"":""Chicago Police Department"",""operator:wikidata"":""Q1340186"",""surveillance"":""traffic"",""surveillance:type"":""ALPR"",""surveillance:zone"":""traffic"",""manufacturer"":null,""manufacturer:wikidata"":null,""operator:short"":null,""addr:street"":null,""colour"":null,""height"":null,""model"":null,""note"":null}"
-87.6312749,41.9273395,10968643038,Chicago Police Department,,310,ALPR,surveillance,2024-08-27T05:01:14Z,2,"{""brand"":null,""brand:wikidata"":null,""camera:mount"":""street_lamp"",""camera:type"":""fixed"",""direction"":""310"",""man_made"":""surveillance"",""operator"":""Chicago Police Department"",""operator:wikidata"":""Q1340186"",""surveillance"":""traffic"",""surveillance:type"":""ALPR"",""surveillance:zone"":""traffic"",""manufacturer"":null,""manufacturer:wikidata"":null,""operator:short"":null,""addr:street"":null,""colour"":null,""height"":null,""model"":null,""note"":null}"
-87.6374104,41.9399217,10968643041,Chicago Police Department,,300,ALPR,surveillance,2024-08-27T05:01:14Z,3,"{""brand"":null,""brand:wikidata"":null,""camera:mount"":""street_lamp"",""camera:type"":""fixed"",""direction"":""300"",""man_made"":""surveillance"",""operator"":""Chicago Police Department"",""operator:wikidata"":""Q1340186"",""surveillance"":""traffic"",""surveillance:type"":""ALPR"",""surveillance:zone"":""traffic"",""manufacturer"":null,""manufacturer:wikidata"":null,""operator:short"":null,""addr:street"":null,""colour"":null,""height"":null,""model"":null,""note"":null}"
-87.638782,41.9415862,10968643046,Chicago Police Department,,315,ALPR,surveillance,2024-08-27T05:01:14Z,3,"{""brand"":null,""brand:wikidata"":null,""camera:mount"":""street_lamp"",""camera:type"":""fixed"",""direction"":""315"",""man_made"":""surveillance"",""operator"":""Chicago Police Department"",""operator:wikidata"":""Q1340186"",""surveillance"":""traffic"",""surveillance:type"":""ALPR"",""surveillance:zone"":""traffic"",""manufacturer"":null,""manufacturer:wikidata"":null,""operator:short"":null,""addr:street"":null,""colour"":null,""height"":null,""model"":null,""note"":null}"
-87.6444452,41.9527971,10968643051,Chicago Police Department,,350,ALPR,surveillance,2024-08-27T05:01:14Z,2,"{""brand"":null,""brand:wikidata"":null,""camera:mount"":""street_lamp"",""camera:type"":""fixed"",""direction"":""350"",""man_made"":""surveillance"",""operator"":""Chicago Police Department"",""operator:wikidata"":""Q1340186"",""surveillance"":""traffic"",""surveillance:type"":""ALPR"",""surveillance:zone"":""traffic"",""manufacturer"":null,""manufacturer:wikidata"":null,""operator:short"":null,""addr:street"":null,""colour"":null,""height"":null,""model"":null,""note"":null}"
-87.6539089,41.9857117,10968651874,Chicago Police Department,,250,ALPR,surveillance,2024-08-27T05:01:14Z,2,"{""brand"":null,""brand:wikidata"":null,""camera:mount"":""street_lamp"",""camera:type"":""fixed"",""direction"":""250"",""man_made"":""surveillance"",""operator"":""Chicago Police Department"",""operator:wikidata"":""Q1340186"",""surveillance"":""traffic"",""surveillance:type"":""ALPR"",""surveillance:zone"":""traffic"",""manufacturer"":null,""manufacturer:wikidata"":null,""operator:short"":null,""addr:street"":null,""colour"":null,""height"":null,""model"":null,""note"":""Two ALPRs captures the two north most lanes (right turn only lanes).""}"
-87.6565461,41.9854738,10968651875,Chicago Police Department,,90,ALPR,surveillance,2024-08-27T05:01:14Z,2,"{""brand"":null,""brand:wikidata"":null,""camera:mount"":""traffic_signals"",""camera:type"":""fixed"",""direction"":""90"",""man_made"":""surveillance"",""operator"":""Chicago Police Department"",""operator:wikidata"":""Q1340186"",""surveillance"":""traffic"",""surveillance:type"":""ALPR"",""surveillance:zone"":""traffic"",""manufacturer"":null,""manufacturer:wikidata"":null,""operator:short"":null,""addr:street"":null,""colour"":null,""height"":null,""model"":null,""note"":null}"
-87.6565476,41.9854928,10968651876,Chicago Police Department,,90,ALPR,surveillance,2024-08-27T05:01:14Z,2,"{""brand"":null,""brand:wikidata"":null,""camera:mount"":""traffic_signals"",""camera:type"":""fixed"",""direction"":""90"",""man_made"":""surveillance"",""operator"":""Chicago Police Department"",""operator:wikidata"":""Q1340186"",""surveillance"":""traffic"",""surveillance:type"":""ALPR"",""surveillance:zone"":""traffic"",""manufacturer"":null,""manufacturer:wikidata"":null,""operator:short"":null,""addr:street"":null,""colour"":null,""height"":null,""model"":null,""note"":null}"
-87.6568245,41.985559,10968651877,Chicago Police Department,,270,ALPR,surveillance,2024-08-27T05:01:14Z,2,"{""brand"":null,""brand:wikidata"":null,""camera:mount"":""traffic_signals"",""camera:type"":""fixed"",""direction"":""270"",""man_made"":""surveillance"",""operator"":""Chicago Police Department"",""operator:wikidata"":""Q1340186"",""surveillance"":""traffic"",""surveillance:type"":""ALPR"",""surveillance:zone"":""traffic"",""manufacturer"":null,""manufacturer:wikidata"":null,""operator:short"":null,""addr:street"":null,""colour"":null,""height"":null,""model"":null,""note"":null}"
-87.6568241,41.9855404,10968651878,Chicago Police Department,,270,ALPR,surveillance,2024-08-27T05:01:14Z,2,"{""brand"":null,""brand:wikidata"":null,""camera:mount"":""traffic_signals"",""camera:type"":""fixed"",""direction"":""270"",""man_made"":""surveillance"",""operator"":""Chicago Police Department"",""operator:wikidata"":""Q1340186"",""surveillance"":""traffic"",""surveillance:type"":""ALPR"",""surveillance:zone"":""traffic"",""manufacturer"":null,""manufacturer:wikidata"":null,""operator:short"":null,""addr:street"":null,""colour"":null,""height"":null,""model"":null,""note"":null}"
-87.653632,41.9837772,10968651883,Chicago Police Department,,180,ALPR,surveillance,2024-08-27T05:01:14Z,2,"{""brand"":null,""brand:wikidata"":null,""camera:mount"":""street_lamp"",""camera:type"":""fixed"",""direction"":""180"",""man_made"":""surveillance"",""operator"":""Chicago Police Department"",""operator:wikidata"":""Q1340186"",""surveillance"":""traffic"",""surveillance:type"":""ALPR"",""surveillance:zone"":""traffic"",""manufacturer"":null,""manufacturer:wikidata"":null,""operator:short"":null,""addr:street"":null,""colour"":null,""height"":null,""model"":null,""note"":null}"
-87.651112,41.9762918,10968651884,Chicago Police Department,,145,ALPR,surveillance,2024-08-27T05:01:14Z,2,"{""brand"":null,""brand:wikidata"":null,""camera:mount"":""street_lamp"",""camera:type"":""fixed"",""direction"":""145"",""man_made"":""surveillance"",""operator"":""Chicago Police Department"",""operator:wikidata"":""Q1340186"",""surveillance"":""traffic"",""surveillance:type"":""ALPR"",""surveillance:zone"":""traffic"",""manufacturer"":null,""manufacturer:wikidata"":null,""operator:short"":null,""addr:street"":null,""colour"":null,""height"":null,""model"":null,""note"":null}"
-87.6479309,41.9654013,10968651885,Chicago Police Department,,130,ALPR,surveillance,2024-08-27T05:01:14Z,2,"{""brand"":null,""brand:wikidata"":null,""camera:mount"":""street_lamp"",""camera:type"":""fixed"",""direction"":""130"",""man_made"":""surveillance"",""operator"":""Chicago Police Department"",""operator:wikidata"":""Q1340186"",""surveillance"":""traffic"",""surveillance:type"":""ALPR"",""surveillance:zone"":""traffic"",""manufacturer"":null,""manufacturer:wikidata"":null,""operator:short"":null,""addr:street"":null,""colour"":null,""height"":null,""model"":null,""note"":null}"
-87.6461733,41.9583814,10968651887,Chicago Police Department,,145,ALPR,surveillance,2024-08-27T05:01:14Z,2,"{""brand"":null,""brand:wikidata"":null,""camera:mount"":""street_lamp"",""camera:type"":""fixed"",""direction"":""145"",""man_made"":""surveillance"",""operator"":""Chicago Police Department"",""operator:wikidata"":""Q1340186"",""surveillance"":""traffic"",""surveillance:type"":""ALPR"",""surveillance:zone"":""traffic"",""manufacturer"":null,""manufacturer:wikidata"":null,""operator:short"":null,""addr:street"":null,""colour"":null,""height"":null,""model"":null,""note"":null}"
-87.6395173,41.9414356,10968651889,Chicago Police Department,,135,ALPR,surveillance,2024-08-27T05:01:14Z,2,"{""brand"":null,""brand:wikidata"":null,""camera:mount"":""street_lamp"",""camera:type"":""fixed"",""direction"":""135"",""man_made"":""surveillance"",""operator"":""Chicago Police Department"",""operator:wikidata"":""Q1340186"",""surveillance"":""traffic"",""surveillance:type"":""ALPR"",""surveillance:zone"":""traffic"",""manufacturer"":null,""manufacturer:wikidata"":null,""operator:short"":null,""addr:street"":null,""colour"":null,""height"":null,""model"":null,""note"":null}"
-87.6319888,41.9272523,10968651890,Chicago Police Department,,165,ALPR,surveillance,2024-08-27T05:01:14Z,2,"{""brand"":null,""brand:wikidata"":null,""camera:mount"":""street_lamp"",""camera:type"":""fixed"",""direction"":""165"",""man_made"":""surveillance"",""operator"":""Chicago Police Department"",""operator:wikidata"":""Q1340186"",""surveillance"":""traffic"",""surveillance:type"":""ALPR"",""surveillance:zone"":""traffic"",""manufacturer"":null,""manufacturer:wikidata"":null,""operator:short"":null,""addr:street"":null,""colour"":null,""height"":null,""model"":null,""note"":null}"
